{"a":0.33837471651744,"b":0.419111210659}